{"version": "1", "message": "ERROR: Hidden Testcases server unreachable.", "problem_id": "ads2_m16_a1_1", "user_id": "chinuteja", "score": {"sample": {"0": {"execution_time": 0.33820080757141113, "passed": false}, "1": {"execution_time": 0.3116750717163086, "passed": false}, "2": {"execution_time": 0.7570877075195312, "passed": false}, "3": {"execution_time": 0.7327640056610107, "passed": false}, "4": {"execution_time": 0.8227553367614746, "passed": false}, "5": {"execution_time": 0.8596711158752441, "passed": false}, "6": {"execution_time": 0.8463222980499268, "passed": false}, "7": {"execution_time": 0.8911755084991455, "passed": false}, "8": {"execution_time": 0.41083192825317383, "passed": false}, "9": {"execution_time": 0.739091157913208, "passed": false}, "10": {"execution_time": 0.7433233261108398, "passed": false}, "11": {"execution_time": 10.157986879348755, "passed": false}, "12": {"execution_time": 0.8807663917541504, "passed": false}, "13": {"execution_time": 1.5177459716796875, "passed": true}, "14": {"execution_time": 0.7416195869445801, "passed": false}, "15": {"execution_time": 0.7876670360565186, "passed": false}, "16": {"execution_time": 0.38288021087646484, "passed": false}, "17": {"execution_time": 0.3909144401550293, "passed": false}, "18": {"execution_time": 0.3770487308502197, "passed": false}, "19": {"execution_time": 0.4431955814361572, "passed": false}, "20": {"execution_time": 0.6681885719299316, "passed": false}, "21": {"execution_time": 0.3467857837677002, "passed": false}, "22": {"execution_time": 0.35521888732910156, "passed": false}, "23": {"execution_time": 0.397442102432251, "passed": false}, "24": {"execution_time": 0.26317429542541504, "passed": true}, "25": {"execution_time": 1.0035090446472168, "passed": false}, "26": {"execution_time": 0.818570613861084, "passed": false}, "27": {"execution_time": 1.0183954238891602, "passed": false}, "28": {"execution_time": 1.3408012390136719, "passed": false}, "29": {"execution_time": 0.2534639835357666, "passed": false}}}, "check_style_score": "0/1"}