{"version": "1", "message": "ERROR: Hidden Testcases server unreachable.", "problem_id": "ads2_m16_a1_1", "user_id": "chinuteja", "score": {"sample": {"0": {"execution_time": 0.5811612606048584, "passed": false}, "1": {"execution_time": 0.26438212394714355, "passed": false}, "2": {"execution_time": 0.9583301544189453, "passed": false}, "3": {"execution_time": 0.7458901405334473, "passed": false}, "4": {"execution_time": 0.8570380210876465, "passed": false}, "5": {"execution_time": 0.7134785652160645, "passed": false}, "6": {"execution_time": 0.7279314994812012, "passed": false}, "7": {"execution_time": 0.7623014450073242, "passed": false}, "8": {"execution_time": 0.4001040458679199, "passed": false}, "9": {"execution_time": 0.7331619262695312, "passed": false}, "10": {"execution_time": 0.7432887554168701, "passed": false}, "11": {"execution_time": 0.3026735782623291, "passed": false}, "12": {"execution_time": 0.7587008476257324, "passed": false}, "13": {"execution_time": 0.34064221382141113, "passed": true}, "14": {"execution_time": 0.7468512058258057, "passed": false}, "15": {"execution_time": 0.7363510131835938, "passed": false}, "16": {"execution_time": 0.36750292778015137, "passed": false}, "17": {"execution_time": 0.3282206058502197, "passed": false}, "18": {"execution_time": 0.3225743770599365, "passed": false}, "19": {"execution_time": 0.3102691173553467, "passed": false}, "20": {"execution_time": 0.33133554458618164, "passed": false}, "21": {"execution_time": 0.34643006324768066, "passed": false}, "22": {"execution_time": 0.3193047046661377, "passed": false}, "23": {"execution_time": 0.3431274890899658, "passed": false}, "24": {"execution_time": 0.26281309127807617, "passed": true}, "25": {"execution_time": 0.745657205581665, "passed": false}, "26": {"execution_time": 0.6556997299194336, "passed": false}, "27": {"execution_time": 0.92724609375, "passed": false}, "28": {"execution_time": 1.1584813594818115, "passed": false}, "29": {"execution_time": 0.3372480869293213, "passed": false}}}, "check_style_score": "1/1"}