{"version": "1", "message": "ERROR: Hidden Testcases server unreachable.", "problem_id": "ads2_m16_a1_1", "user_id": "chinuteja", "score": {"sample": {"0": {"execution_time": 0.5337133407592773, "passed": false}, "1": {"execution_time": 0.2782726287841797, "passed": false}, "2": {"execution_time": 0.7041671276092529, "passed": false}, "3": {"execution_time": 0.7987582683563232, "passed": false}, "4": {"execution_time": 0.6891031265258789, "passed": false}, "5": {"execution_time": 0.6696646213531494, "passed": false}, "6": {"execution_time": 0.6872811317443848, "passed": false}, "7": {"execution_time": 0.8842334747314453, "passed": false}, "8": {"execution_time": 0.5891716480255127, "passed": false}, "9": {"execution_time": 0.6881084442138672, "passed": false}, "10": {"execution_time": 0.6770260334014893, "passed": false}, "11": {"execution_time": 0.23078131675720215, "passed": false}, "12": {"execution_time": 0.8002228736877441, "passed": false}, "13": {"execution_time": 0.2608609199523926, "passed": true}, "14": {"execution_time": 0.6857542991638184, "passed": false}, "15": {"execution_time": 0.7038309574127197, "passed": false}, "16": {"execution_time": 0.34635043144226074, "passed": false}, "17": {"execution_time": 0.34618306159973145, "passed": false}, "18": {"execution_time": 0.32767748832702637, "passed": false}, "19": {"execution_time": 0.3402583599090576, "passed": false}, "20": {"execution_time": 0.3373105525970459, "passed": false}, "21": {"execution_time": 0.35761594772338867, "passed": false}, "22": {"execution_time": 0.3488306999206543, "passed": false}, "23": {"execution_time": 0.347928524017334, "passed": false}, "24": {"execution_time": 0.21678996086120605, "passed": true}, "25": {"execution_time": 0.7006239891052246, "passed": false}, "26": {"execution_time": 0.6902718544006348, "passed": false}, "27": {"execution_time": 0.7241039276123047, "passed": false}, "28": {"execution_time": 1.2506287097930908, "passed": false}, "29": {"execution_time": 1.6737239360809326, "passed": false}}}, "check_style_score": "1/1"}