{"version": "1", "message": "ERROR: Hidden Testcases server unreachable.", "problem_id": "ads2_m16_a1_1", "user_id": "chinuteja", "score": {"sample": {"0": {"execution_time": 0.3372929096221924, "passed": false}, "1": {"execution_time": 0.3139019012451172, "passed": false}, "2": {"execution_time": 0.7242047786712646, "passed": false}, "3": {"execution_time": 0.768402099609375, "passed": false}, "4": {"execution_time": 0.7371554374694824, "passed": false}, "5": {"execution_time": 0.7563912868499756, "passed": false}, "6": {"execution_time": 0.7814278602600098, "passed": false}, "7": {"execution_time": 0.7837667465209961, "passed": false}, "8": {"execution_time": 0.5686492919921875, "passed": false}, "9": {"execution_time": 0.9015328884124756, "passed": false}, "10": {"execution_time": 1.3741657733917236, "passed": false}, "11": {"execution_time": 0.36061930656433105, "passed": false}, "12": {"execution_time": 1.3183059692382812, "passed": false}, "13": {"execution_time": 0.47379040718078613, "passed": false}, "14": {"execution_time": 0.7989933490753174, "passed": false}, "15": {"execution_time": 0.7327837944030762, "passed": false}, "16": {"execution_time": 0.3624999523162842, "passed": false}, "17": {"execution_time": 0.6328063011169434, "passed": false}, "18": {"execution_time": 0.6022951602935791, "passed": false}, "19": {"execution_time": 0.6303873062133789, "passed": false}, "20": {"execution_time": 0.6317541599273682, "passed": false}, "21": {"execution_time": 0.3828308582305908, "passed": false}, "22": {"execution_time": 0.39101076126098633, "passed": false}, "23": {"execution_time": 0.36783838272094727, "passed": false}, "24": {"execution_time": 0.27341270446777344, "passed": false}, "25": {"execution_time": 1.3103837966918945, "passed": false}, "26": {"execution_time": 1.0673058032989502, "passed": false}, "27": {"execution_time": 1.337860107421875, "passed": false}, "28": {"execution_time": 1.4996895790100098, "passed": false}, "29": {"execution_time": 0.2710106372833252, "passed": false}}}, "check_style_score": "1/1"}