{"version": "1", "message": "ERROR: Hidden Testcases server unreachable.", "problem_id": "ads2_m4_a1_1", "user_id": "chinuteja", "score": {"sample": {"0": {"execution_time": 0.21054983139038086, "passed": false}, "1": {"execution_time": 0.22817778587341309, "passed": false}, "2": {"execution_time": 0.260235071182251, "passed": false}, "3": {"execution_time": 0.22677850723266602, "passed": false}, "4": {"execution_time": 1.7301135063171387, "passed": false}, "5": {"execution_time": 0.19520831108093262, "passed": false}, "6": {"execution_time": 0.21115899085998535, "passed": false}, "7": {"execution_time": 0.21382451057434082, "passed": false}, "8": {"execution_time": 0.21143651008605957, "passed": false}, "9": {"execution_time": 0.21188616752624512, "passed": false}, "10": {"execution_time": 0.1950087547302246, "passed": false}, "11": {"execution_time": 0.1943035125732422, "passed": false}, "12": {"execution_time": 0.2097024917602539, "passed": false}, "13": {"execution_time": 0.8265116214752197, "passed": false}, "14": {"execution_time": 0.18338441848754883, "passed": false}}}, "check_style_score": "0/1"}