{"version": "1", "message": "ERROR: Hidden Testcases server unreachable.", "problem_id": "ads2_m4_a1_1", "user_id": "chinuteja", "score": {"sample": {"0": {"execution_time": 0.24263834953308105, "passed": true}, "1": {"execution_time": 0.1997230052947998, "passed": false}, "2": {"execution_time": 0.2737751007080078, "passed": false}, "3": {"execution_time": 0.2717630863189697, "passed": false}, "4": {"execution_time": 0.17490434646606445, "passed": false}, "5": {"execution_time": 0.21280574798583984, "passed": false}, "6": {"execution_time": 0.29146623611450195, "passed": false}, "7": {"execution_time": 0.17873239517211914, "passed": false}, "8": {"execution_time": 0.2727956771850586, "passed": true}, "9": {"execution_time": 0.27381443977355957, "passed": false}, "10": {"execution_time": 0.22802352905273438, "passed": false}, "11": {"execution_time": 0.19525599479675293, "passed": false}, "12": {"execution_time": 0.19923949241638184, "passed": false}, "13": {"execution_time": 0.8516838550567627, "passed": false}, "14": {"execution_time": 0.20252561569213867, "passed": true}}}, "check_style_score": "0/1"}