{"version": "1", "message": "ERROR: Hidden Testcases server unreachable.", "problem_id": "ads2_m4_a1_1", "user_id": "chinuteja", "score": {"sample": {"0": {"execution_time": 0.5210888385772705, "passed": true}, "1": {"execution_time": 0.22933006286621094, "passed": false}, "2": {"execution_time": 0.25744152069091797, "passed": false}, "3": {"execution_time": 0.23302650451660156, "passed": false}, "4": {"execution_time": 0.21117067337036133, "passed": false}, "5": {"execution_time": 0.18188118934631348, "passed": false}, "6": {"execution_time": 0.210007905960083, "passed": false}, "7": {"execution_time": 0.1879587173461914, "passed": false}, "8": {"execution_time": 0.24238872528076172, "passed": true}, "9": {"execution_time": 0.20113754272460938, "passed": true}, "10": {"execution_time": 0.21143770217895508, "passed": true}, "11": {"execution_time": 0.18618369102478027, "passed": false}, "12": {"execution_time": 0.22679924964904785, "passed": false}, "13": {"execution_time": 0.8252668380737305, "passed": false}, "14": {"execution_time": 0.19380402565002441, "passed": true}}}, "check_style_score": "0/1"}