{"version": "1", "message": "ERROR: Hidden Testcases server unreachable.", "problem_id": "ads2_m4_a1_1", "user_id": "chinuteja", "score": {"sample": {"0": {"execution_time": 0.1946256160736084, "passed": false}, "1": {"execution_time": 0.2594168186187744, "passed": false}, "2": {"execution_time": 0.24340128898620605, "passed": false}, "3": {"execution_time": 0.29306840896606445, "passed": false}, "4": {"execution_time": 0.21239686012268066, "passed": false}, "5": {"execution_time": 0.21139860153198242, "passed": false}, "6": {"execution_time": 0.23219084739685059, "passed": false}, "7": {"execution_time": 0.23291826248168945, "passed": false}, "8": {"execution_time": 0.21010470390319824, "passed": false}, "9": {"execution_time": 0.24393820762634277, "passed": false}, "10": {"execution_time": 0.21045207977294922, "passed": false}, "11": {"execution_time": 0.21947264671325684, "passed": false}, "12": {"execution_time": 0.19917869567871094, "passed": false}, "13": {"execution_time": 0.791412353515625, "passed": false}, "14": {"execution_time": 0.21110892295837402, "passed": false}}}, "check_style_score": "0/1"}