{"version": "1", "message": "ERROR: Hidden Testcases server unreachable.", "problem_id": "ads2_m4_a1_1", "user_id": "chinuteja", "score": {"sample": {"0": {"execution_time": 0.2495889663696289, "passed": false}, "1": {"execution_time": 0.3327810764312744, "passed": false}, "2": {"execution_time": 0.6048681735992432, "passed": false}, "3": {"execution_time": 0.5415472984313965, "passed": false}, "4": {"execution_time": 0.2631838321685791, "passed": false}, "5": {"execution_time": 0.22056031227111816, "passed": false}, "6": {"execution_time": 0.27161455154418945, "passed": false}, "7": {"execution_time": 0.35190606117248535, "passed": false}, "8": {"execution_time": 0.541161060333252, "passed": false}, "9": {"execution_time": 0.25807905197143555, "passed": false}, "10": {"execution_time": 0.37142419815063477, "passed": false}, "11": {"execution_time": 0.24252724647521973, "passed": false}, "12": {"execution_time": 0.25636816024780273, "passed": false}, "13": {"execution_time": 1.469815731048584, "passed": false}, "14": {"execution_time": 0.2632749080657959, "passed": false}}}, "check_style_score": "0/1"}