{"version": "1", "message": "ERROR: Hidden Testcases server unreachable.", "problem_id": "ads2_m4_a1_1", "user_id": "chinuteja", "score": {"sample": {"0": {"execution_time": 0.43218517303466797, "passed": false}, "1": {"execution_time": 0.22684836387634277, "passed": false}, "2": {"execution_time": 0.23887395858764648, "passed": false}, "3": {"execution_time": 0.2675344944000244, "passed": false}, "4": {"execution_time": 0.2257533073425293, "passed": false}, "5": {"execution_time": 0.18038153648376465, "passed": false}, "6": {"execution_time": 0.18400835990905762, "passed": false}, "7": {"execution_time": 0.1903243064880371, "passed": false}, "8": {"execution_time": 0.22066140174865723, "passed": false}, "9": {"execution_time": 0.18122220039367676, "passed": false}, "10": {"execution_time": 0.2094559669494629, "passed": false}, "11": {"execution_time": 0.22099852561950684, "passed": false}, "12": {"execution_time": 0.3356621265411377, "passed": false}, "13": {"execution_time": 0.8125362396240234, "passed": false}, "14": {"execution_time": 0.20912957191467285, "passed": false}}}, "check_style_score": "0/1"}