{"version": "1", "message": "ERROR: Hidden Testcases server unreachable.", "problem_id": "ads2_m4_a1_1", "user_id": "chinuteja", "score": {"sample": {"0": {"execution_time": 0.24157238006591797, "passed": false}, "1": {"execution_time": 0.2487049102783203, "passed": false}, "2": {"execution_time": 0.24077558517456055, "passed": false}, "3": {"execution_time": 0.2643563747406006, "passed": false}, "4": {"execution_time": 0.21128225326538086, "passed": false}, "5": {"execution_time": 0.19400739669799805, "passed": false}, "6": {"execution_time": 0.2104020118713379, "passed": false}, "7": {"execution_time": 0.21214580535888672, "passed": false}, "8": {"execution_time": 0.2577171325683594, "passed": false}, "9": {"execution_time": 0.41280484199523926, "passed": false}, "10": {"execution_time": 0.25061964988708496, "passed": false}, "11": {"execution_time": 0.20006918907165527, "passed": false}, "12": {"execution_time": 0.20535707473754883, "passed": false}, "13": {"execution_time": 0.8370928764343262, "passed": false}, "14": {"execution_time": 0.24211573600769043, "passed": false}}}, "check_style_score": "0/1"}