{"version": "1", "message": "ERROR: Hidden Testcases server unreachable.", "problem_id": "ads2_m4_a1_1", "user_id": "chinuteja", "score": {"sample": {"0": {"execution_time": 0.2401750087738037, "passed": true}, "1": {"execution_time": 0.26228904724121094, "passed": false}, "2": {"execution_time": 0.512737512588501, "passed": false}, "3": {"execution_time": 0.61356520652771, "passed": false}, "4": {"execution_time": 0.2122788429260254, "passed": false}, "5": {"execution_time": 0.21223711967468262, "passed": false}, "6": {"execution_time": 0.1935129165649414, "passed": false}, "7": {"execution_time": 0.2084500789642334, "passed": false}, "8": {"execution_time": 0.24555468559265137, "passed": true}, "9": {"execution_time": 0.22265028953552246, "passed": false}, "10": {"execution_time": 0.23414278030395508, "passed": false}, "11": {"execution_time": 0.2095649242401123, "passed": false}, "12": {"execution_time": 0.2762901782989502, "passed": false}, "13": {"execution_time": 0.8103551864624023, "passed": false}, "14": {"execution_time": 0.20213794708251953, "passed": false}}}, "check_style_score": "0/1"}