{"version": "1", "message": "ERROR: Hidden Testcases server unreachable.", "problem_id": "ads2_m4_a1_1", "user_id": "chinuteja", "score": {"sample": {"0": {"execution_time": 0.24848484992980957, "passed": true}, "1": {"execution_time": 0.19939541816711426, "passed": false}, "2": {"execution_time": 0.2739131450653076, "passed": false}, "3": {"execution_time": 0.24422812461853027, "passed": false}, "4": {"execution_time": 0.21529316902160645, "passed": false}, "5": {"execution_time": 0.21128487586975098, "passed": false}, "6": {"execution_time": 0.2152881622314453, "passed": false}, "7": {"execution_time": 0.21167659759521484, "passed": false}, "8": {"execution_time": 0.2382493019104004, "passed": true}, "9": {"execution_time": 0.23975515365600586, "passed": false}, "10": {"execution_time": 0.24289417266845703, "passed": false}, "11": {"execution_time": 0.21030354499816895, "passed": false}, "12": {"execution_time": 0.20615148544311523, "passed": false}, "13": {"execution_time": 0.7513673305511475, "passed": false}, "14": {"execution_time": 0.31819868087768555, "passed": false}}}, "check_style_score": "0/1"}