{"version": "1", "message": "ERROR: Hidden Testcases server unreachable.", "problem_id": "ads2_m4_a1_1", "user_id": "chinuteja", "score": {"sample": {"0": {"execution_time": 0.3033912181854248, "passed": true}, "1": {"execution_time": 0.21340155601501465, "passed": false}, "2": {"execution_time": 0.25671911239624023, "passed": false}, "3": {"execution_time": 0.2968437671661377, "passed": false}, "4": {"execution_time": 0.19415783882141113, "passed": false}, "5": {"execution_time": 0.20411086082458496, "passed": false}, "6": {"execution_time": 0.1964588165283203, "passed": false}, "7": {"execution_time": 0.2157118320465088, "passed": false}, "8": {"execution_time": 0.2560715675354004, "passed": true}, "9": {"execution_time": 0.24158096313476562, "passed": false}, "10": {"execution_time": 0.23542165756225586, "passed": false}, "11": {"execution_time": 0.2205214500427246, "passed": false}, "12": {"execution_time": 0.19668889045715332, "passed": false}, "13": {"execution_time": 0.7829756736755371, "passed": false}, "14": {"execution_time": 0.2468547821044922, "passed": false}}}, "check_style_score": "0/1"}