{"version": "1", "message": "ERROR: Hidden Testcases server unreachable.", "problem_id": "ads2_m4_a1_1", "user_id": "chinuteja", "score": {"sample": {"0": {"execution_time": 0.2439126968383789, "passed": true}, "1": {"execution_time": 0.21404504776000977, "passed": false}, "2": {"execution_time": 0.25722718238830566, "passed": false}, "3": {"execution_time": 0.236891508102417, "passed": false}, "4": {"execution_time": 0.19826388359069824, "passed": false}, "5": {"execution_time": 0.21896958351135254, "passed": false}, "6": {"execution_time": 0.20948195457458496, "passed": false}, "7": {"execution_time": 0.4885735511779785, "passed": false}, "8": {"execution_time": 0.2629389762878418, "passed": true}, "9": {"execution_time": 0.23772501945495605, "passed": false}, "10": {"execution_time": 0.24158287048339844, "passed": false}, "11": {"execution_time": 0.17861366271972656, "passed": false}, "12": {"execution_time": 0.21030306816101074, "passed": false}, "13": {"execution_time": 0.8578500747680664, "passed": false}, "14": {"execution_time": 0.27219438552856445, "passed": false}}}, "check_style_score": "0/1"}