{"version": "1", "message": "ERROR: Hidden Testcases server unreachable.", "problem_id": "ads2_m4_a1_1", "user_id": "chinuteja", "score": {"sample": {"0": {"execution_time": 0.20526719093322754, "passed": false}, "1": {"execution_time": 0.23670578002929688, "passed": false}, "2": {"execution_time": 0.23725485801696777, "passed": false}, "3": {"execution_time": 0.29271745681762695, "passed": false}, "4": {"execution_time": 0.2043614387512207, "passed": false}, "5": {"execution_time": 0.21149635314941406, "passed": false}, "6": {"execution_time": 0.2718017101287842, "passed": false}, "7": {"execution_time": 0.19214558601379395, "passed": false}, "8": {"execution_time": 0.22768306732177734, "passed": false}, "9": {"execution_time": 0.20292425155639648, "passed": false}, "10": {"execution_time": 0.22679758071899414, "passed": false}, "11": {"execution_time": 0.1976175308227539, "passed": false}, "12": {"execution_time": 0.18512344360351562, "passed": false}, "13": {"execution_time": 0.8312828540802002, "passed": false}, "14": {"execution_time": 0.1966567039489746, "passed": false}}}, "check_style_score": "0/1"}