{"version": "1", "message": "ERROR: Hidden Testcases server unreachable.", "problem_id": "ads2_m4_a1_1", "user_id": "chinuteja", "score": {"sample": {"0": {"execution_time": 0.2585270404815674, "passed": true}, "1": {"execution_time": 0.23337936401367188, "passed": false}, "2": {"execution_time": 0.24351119995117188, "passed": false}, "3": {"execution_time": 0.27985668182373047, "passed": false}, "4": {"execution_time": 0.19574594497680664, "passed": false}, "5": {"execution_time": 0.21478748321533203, "passed": false}, "6": {"execution_time": 0.2099745273590088, "passed": false}, "7": {"execution_time": 0.3245069980621338, "passed": false}, "8": {"execution_time": 0.22688555717468262, "passed": true}, "9": {"execution_time": 0.24712657928466797, "passed": false}, "10": {"execution_time": 0.24196243286132812, "passed": false}, "11": {"execution_time": 0.1943352222442627, "passed": false}, "12": {"execution_time": 0.21502900123596191, "passed": false}, "13": {"execution_time": 0.8394548892974854, "passed": false}, "14": {"execution_time": 0.24652838706970215, "passed": false}}}, "check_style_score": "0/1"}