{"version": "1", "message": "ERROR: Hidden Testcases server unreachable.", "problem_id": "ads2_m4_a1_1", "user_id": "chinuteja", "score": {"sample": {"0": {"execution_time": 0.4763319492340088, "passed": true}, "1": {"execution_time": 0.4160025119781494, "passed": false}, "2": {"execution_time": 0.3937399387359619, "passed": false}, "3": {"execution_time": 0.43152594566345215, "passed": false}, "4": {"execution_time": 0.2989530563354492, "passed": false}, "5": {"execution_time": 0.3459045886993408, "passed": false}, "6": {"execution_time": 0.4981260299682617, "passed": false}, "7": {"execution_time": 0.32492685317993164, "passed": false}, "8": {"execution_time": 0.36424827575683594, "passed": true}, "9": {"execution_time": 0.29903221130371094, "passed": true}, "10": {"execution_time": 0.29896068572998047, "passed": true}, "11": {"execution_time": 0.31066083908081055, "passed": true}, "12": {"execution_time": 0.34256792068481445, "passed": true}, "13": {"execution_time": 0.8465232849121094, "passed": false}, "14": {"execution_time": 0.28565096855163574, "passed": true}}}, "check_style_score": "0/1"}