{"version": "1", "message": "ERROR: Hidden Testcases server unreachable.", "problem_id": "ads2_m4_a1_1", "user_id": "chinuteja", "score": {"sample": {"0": {"execution_time": 0.25905394554138184, "passed": false}, "1": {"execution_time": 0.2883462905883789, "passed": false}, "2": {"execution_time": 0.3185391426086426, "passed": false}, "3": {"execution_time": 0.35590648651123047, "passed": false}, "4": {"execution_time": 0.21675777435302734, "passed": false}, "5": {"execution_time": 0.2152848243713379, "passed": false}, "6": {"execution_time": 0.21601438522338867, "passed": false}, "7": {"execution_time": 0.25049543380737305, "passed": false}, "8": {"execution_time": 0.22839832305908203, "passed": false}, "9": {"execution_time": 0.23715519905090332, "passed": false}, "10": {"execution_time": 0.21269941329956055, "passed": false}, "11": {"execution_time": 0.23159217834472656, "passed": false}, "12": {"execution_time": 0.27046966552734375, "passed": false}, "13": {"execution_time": 1.2923834323883057, "passed": false}, "14": {"execution_time": 0.2633378505706787, "passed": false}}}, "check_style_score": "0/1"}