{"version": "1", "message": "ERROR: Hidden Testcases server unreachable.", "problem_id": "ads2_m4_a1_1", "user_id": "chinuteja", "score": {"sample": {"0": {"execution_time": 0.24441266059875488, "passed": true}, "1": {"execution_time": 0.22744131088256836, "passed": false}, "2": {"execution_time": 0.2418527603149414, "passed": false}, "3": {"execution_time": 0.2849717140197754, "passed": false}, "4": {"execution_time": 0.17470526695251465, "passed": false}, "5": {"execution_time": 0.22554898262023926, "passed": false}, "6": {"execution_time": 0.19919300079345703, "passed": false}, "7": {"execution_time": 0.21655821800231934, "passed": false}, "8": {"execution_time": 0.2531893253326416, "passed": true}, "9": {"execution_time": 0.25699663162231445, "passed": false}, "10": {"execution_time": 0.24111223220825195, "passed": false}, "11": {"execution_time": 0.18608927726745605, "passed": false}, "12": {"execution_time": 0.18642830848693848, "passed": false}, "13": {"execution_time": 0.8084161281585693, "passed": false}, "14": {"execution_time": 0.2574656009674072, "passed": false}}}, "check_style_score": "0/1"}