{"version": "1", "message": "ERROR: Hidden Testcases server unreachable.", "problem_id": "ads2_m4_a1_1", "user_id": "chinuteja", "score": {"sample": {"0": {"execution_time": 0.3079261779785156, "passed": true}, "1": {"execution_time": 0.2563464641571045, "passed": false}, "2": {"execution_time": 0.2724423408508301, "passed": false}, "3": {"execution_time": 0.2985358238220215, "passed": false}, "4": {"execution_time": 0.2876253128051758, "passed": false}, "5": {"execution_time": 0.27407264709472656, "passed": false}, "6": {"execution_time": 0.31084322929382324, "passed": false}, "7": {"execution_time": 0.2497856616973877, "passed": false}, "8": {"execution_time": 0.4087538719177246, "passed": true}, "9": {"execution_time": 0.2202591896057129, "passed": true}, "10": {"execution_time": 0.24979662895202637, "passed": true}, "11": {"execution_time": 0.23179936408996582, "passed": true}, "12": {"execution_time": 0.3878607749938965, "passed": true}, "13": {"execution_time": 0.9039888381958008, "passed": false}, "14": {"execution_time": 0.2815098762512207, "passed": true}}}, "check_style_score": "0/1"}