{"version": "1", "message": "ERROR: Hidden Testcases server unreachable.", "problem_id": "ads2_m4_a1_1", "user_id": "chinuteja", "score": {"sample": {"0": {"execution_time": 0.19753170013427734, "passed": false}, "1": {"execution_time": 0.259260892868042, "passed": false}, "2": {"execution_time": 0.2574930191040039, "passed": false}, "3": {"execution_time": 0.24058246612548828, "passed": false}, "4": {"execution_time": 0.20895791053771973, "passed": false}, "5": {"execution_time": 0.23640990257263184, "passed": false}, "6": {"execution_time": 0.2076127529144287, "passed": false}, "7": {"execution_time": 0.2166614532470703, "passed": false}, "8": {"execution_time": 0.18625617027282715, "passed": false}, "9": {"execution_time": 0.20423388481140137, "passed": false}, "10": {"execution_time": 0.2144775390625, "passed": false}, "11": {"execution_time": 0.1982741355895996, "passed": false}, "12": {"execution_time": 0.20471572875976562, "passed": false}, "13": {"execution_time": 0.8919110298156738, "passed": false}, "14": {"execution_time": 0.19988131523132324, "passed": false}}}, "check_style_score": "0/1"}