{"version": "1", "message": "ERROR: Hidden Testcases server unreachable.", "problem_id": "ads2_m4_a1_1", "user_id": "chinuteja", "score": {"sample": {"0": {"execution_time": 0.24394464492797852, "passed": true}, "1": {"execution_time": 0.23182225227355957, "passed": false}, "2": {"execution_time": 0.2290501594543457, "passed": false}, "3": {"execution_time": 0.28340983390808105, "passed": false}, "4": {"execution_time": 0.20497465133666992, "passed": false}, "5": {"execution_time": 0.20252728462219238, "passed": false}, "6": {"execution_time": 0.18424391746520996, "passed": false}, "7": {"execution_time": 0.21640324592590332, "passed": false}, "8": {"execution_time": 0.25536251068115234, "passed": true}, "9": {"execution_time": 0.25222301483154297, "passed": false}, "10": {"execution_time": 0.21869850158691406, "passed": false}, "11": {"execution_time": 0.22324705123901367, "passed": false}, "12": {"execution_time": 0.20011234283447266, "passed": false}, "13": {"execution_time": 0.8384175300598145, "passed": false}, "14": {"execution_time": 0.24164867401123047, "passed": false}}}, "check_style_score": "0/1"}