{"version": "1", "message": "ERROR: Hidden Testcases server unreachable.", "problem_id": "ads2_m4_a1_1", "user_id": "chinuteja", "score": {"sample": {"0": {"execution_time": 0.2584056854248047, "passed": true}, "1": {"execution_time": 0.22808504104614258, "passed": false}, "2": {"execution_time": 0.24208593368530273, "passed": false}, "3": {"execution_time": 0.261127233505249, "passed": false}, "4": {"execution_time": 0.19519948959350586, "passed": false}, "5": {"execution_time": 0.19511675834655762, "passed": false}, "6": {"execution_time": 0.21108007431030273, "passed": false}, "7": {"execution_time": 0.2109053134918213, "passed": false}, "8": {"execution_time": 0.24283790588378906, "passed": true}, "9": {"execution_time": 0.23187661170959473, "passed": false}, "10": {"execution_time": 0.21010899543762207, "passed": false}, "11": {"execution_time": 0.21433115005493164, "passed": false}, "12": {"execution_time": 0.2124772071838379, "passed": false}, "13": {"execution_time": 0.8203716278076172, "passed": false}, "14": {"execution_time": 0.24577569961547852, "passed": false}}}, "check_style_score": "0/1"}