{"version": "1", "message": "ERROR: Hidden Testcases server unreachable.", "problem_id": "ads2_m4_a1_1", "user_id": "chinuteja", "score": {"sample": {"0": {"execution_time": 0.197113037109375, "passed": false}, "1": {"execution_time": 0.24413824081420898, "passed": false}, "2": {"execution_time": 0.2522120475769043, "passed": false}, "3": {"execution_time": 0.23538756370544434, "passed": false}, "4": {"execution_time": 0.21223950386047363, "passed": false}, "5": {"execution_time": 0.18422245979309082, "passed": false}, "6": {"execution_time": 0.19375300407409668, "passed": false}, "7": {"execution_time": 0.21372628211975098, "passed": false}, "8": {"execution_time": 0.18674683570861816, "passed": false}, "9": {"execution_time": 0.2539851665496826, "passed": false}, "10": {"execution_time": 0.24492406845092773, "passed": false}, "11": {"execution_time": 0.1745612621307373, "passed": false}, "12": {"execution_time": 0.21214556694030762, "passed": false}, "13": {"execution_time": 0.8771986961364746, "passed": false}, "14": {"execution_time": 0.19565176963806152, "passed": true}}}, "check_style_score": "0/1"}