{"version": "1", "message": "ERROR: Hidden Testcases server unreachable.", "problem_id": "ads2_m4_a1_1", "user_id": "chinuteja", "score": {"sample": {"0": {"execution_time": 0.22975587844848633, "passed": false}, "1": {"execution_time": 0.2337644100189209, "passed": false}, "2": {"execution_time": 0.26713991165161133, "passed": false}, "3": {"execution_time": 0.2839243412017822, "passed": false}, "4": {"execution_time": 0.24854612350463867, "passed": false}, "5": {"execution_time": 0.35421276092529297, "passed": false}, "6": {"execution_time": 0.24232721328735352, "passed": false}, "7": {"execution_time": 0.19338274002075195, "passed": false}, "8": {"execution_time": 0.23810863494873047, "passed": false}, "9": {"execution_time": 0.2310652732849121, "passed": false}, "10": {"execution_time": 0.2144167423248291, "passed": false}, "11": {"execution_time": 0.31967830657958984, "passed": false}, "12": {"execution_time": 0.24311447143554688, "passed": false}, "13": {"execution_time": 0.8665995597839355, "passed": false}, "14": {"execution_time": 0.21114444732666016, "passed": false}}}, "check_style_score": "0/1"}