{"version": "1", "message": "ERROR: Hidden Testcases server unreachable.", "problem_id": "ads2_m4_a1_1", "user_id": "chinuteja", "score": {"sample": {"0": {"execution_time": 0.25743746757507324, "passed": true}, "1": {"execution_time": 0.22634363174438477, "passed": false}, "2": {"execution_time": 0.25598692893981934, "passed": false}, "3": {"execution_time": 0.25611114501953125, "passed": false}, "4": {"execution_time": 0.20512866973876953, "passed": false}, "5": {"execution_time": 0.2106916904449463, "passed": false}, "6": {"execution_time": 0.2106919288635254, "passed": false}, "7": {"execution_time": 0.20949053764343262, "passed": false}, "8": {"execution_time": 0.2421119213104248, "passed": true}, "9": {"execution_time": 0.2112438678741455, "passed": true}, "10": {"execution_time": 0.21225547790527344, "passed": true}, "11": {"execution_time": 0.21189188957214355, "passed": true}, "12": {"execution_time": 0.19767189025878906, "passed": true}, "13": {"execution_time": 0.8359477519989014, "passed": false}, "14": {"execution_time": 0.19867539405822754, "passed": true}}}, "check_style_score": "0/1"}