{"version": "1", "message": "ERROR: Hidden Testcases server unreachable.", "problem_id": "ads2_m4_a1_1", "user_id": "chinuteja", "score": {"sample": {"0": {"execution_time": 0.24979901313781738, "passed": true}, "1": {"execution_time": 0.24217867851257324, "passed": false}, "2": {"execution_time": 0.2609107494354248, "passed": false}, "3": {"execution_time": 0.24370718002319336, "passed": false}, "4": {"execution_time": 0.19475913047790527, "passed": false}, "5": {"execution_time": 0.21094298362731934, "passed": false}, "6": {"execution_time": 0.21131563186645508, "passed": false}, "7": {"execution_time": 0.2101595401763916, "passed": false}, "8": {"execution_time": 0.2407538890838623, "passed": true}, "9": {"execution_time": 0.21171116828918457, "passed": true}, "10": {"execution_time": 0.2120835781097412, "passed": true}, "11": {"execution_time": 0.22800993919372559, "passed": true}, "12": {"execution_time": 0.1910700798034668, "passed": true}, "13": {"execution_time": 0.9329345226287842, "passed": false}, "14": {"execution_time": 0.2307429313659668, "passed": true}}}, "check_style_score": "0/1"}