{"version": "1", "message": "ERROR: Hidden Testcases server unreachable.", "problem_id": "ads2_m4_a1_1", "user_id": "chinuteja", "score": {"sample": {"0": {"execution_time": 0.22348809242248535, "passed": false}, "1": {"execution_time": 0.2649416923522949, "passed": false}, "2": {"execution_time": 0.26426219940185547, "passed": false}, "3": {"execution_time": 0.26952171325683594, "passed": false}, "4": {"execution_time": 0.2259218692779541, "passed": false}, "5": {"execution_time": 0.24172091484069824, "passed": false}, "6": {"execution_time": 0.19698309898376465, "passed": false}, "7": {"execution_time": 0.22024989128112793, "passed": false}, "8": {"execution_time": 0.22716808319091797, "passed": false}, "9": {"execution_time": 0.2413337230682373, "passed": false}, "10": {"execution_time": 0.25728297233581543, "passed": false}, "11": {"execution_time": 0.2262570858001709, "passed": false}, "12": {"execution_time": 0.23070383071899414, "passed": false}, "13": {"execution_time": 0.8709383010864258, "passed": false}, "14": {"execution_time": 0.22664690017700195, "passed": false}}}, "check_style_score": "0/1"}