{"version": "1", "message": "ERROR: Hidden Testcases server unreachable.", "problem_id": "ads2_m4_a1_1", "user_id": "chinuteja", "score": {"sample": {"0": {"execution_time": 0.32260704040527344, "passed": false}, "1": {"execution_time": 0.24070024490356445, "passed": false}, "2": {"execution_time": 0.25746798515319824, "passed": false}, "3": {"execution_time": 0.32077980041503906, "passed": false}, "4": {"execution_time": 0.2251145839691162, "passed": false}, "5": {"execution_time": 0.2582435607910156, "passed": false}, "6": {"execution_time": 0.2280266284942627, "passed": false}, "7": {"execution_time": 0.2444477081298828, "passed": false}, "8": {"execution_time": 0.21388673782348633, "passed": false}, "9": {"execution_time": 0.2498917579650879, "passed": false}, "10": {"execution_time": 0.2091374397277832, "passed": false}, "11": {"execution_time": 0.2577495574951172, "passed": false}, "12": {"execution_time": 0.24478483200073242, "passed": false}, "13": {"execution_time": 0.8098349571228027, "passed": false}, "14": {"execution_time": 0.23459982872009277, "passed": false}}}, "check_style_score": "0/1"}