{"version": "1", "message": "ERROR: Hidden Testcases server unreachable.", "problem_id": "ads2_m4_a1_1", "user_id": "chinuteja", "score": {"sample": {"0": {"execution_time": 0.24017786979675293, "passed": true}, "1": {"execution_time": 0.2206122875213623, "passed": false}, "2": {"execution_time": 0.2533116340637207, "passed": false}, "3": {"execution_time": 0.27147579193115234, "passed": false}, "4": {"execution_time": 0.19524168968200684, "passed": false}, "5": {"execution_time": 0.4693596363067627, "passed": false}, "6": {"execution_time": 0.20089125633239746, "passed": false}, "7": {"execution_time": 0.20345830917358398, "passed": false}, "8": {"execution_time": 0.36127567291259766, "passed": true}, "9": {"execution_time": 0.24686789512634277, "passed": false}, "10": {"execution_time": 0.21403837203979492, "passed": false}, "11": {"execution_time": 0.21059608459472656, "passed": false}, "12": {"execution_time": 0.1823132038116455, "passed": false}, "13": {"execution_time": 0.786942720413208, "passed": false}, "14": {"execution_time": 0.21168947219848633, "passed": false}}}, "check_style_score": "0/1"}