{"version": "1", "message": "ERROR: Hidden Testcases server unreachable.", "problem_id": "ads2_m4_a1_1", "user_id": "chinuteja", "score": {"sample": {"0": {"execution_time": 0.30358219146728516, "passed": true}, "1": {"execution_time": 0.24115371704101562, "passed": false}, "2": {"execution_time": 0.24242424964904785, "passed": false}, "3": {"execution_time": 0.23903489112854004, "passed": false}, "4": {"execution_time": 0.19254732131958008, "passed": false}, "5": {"execution_time": 0.41597867012023926, "passed": false}, "6": {"execution_time": 0.1954951286315918, "passed": false}, "7": {"execution_time": 0.21197056770324707, "passed": false}, "8": {"execution_time": 0.2411820888519287, "passed": true}, "9": {"execution_time": 0.18382668495178223, "passed": false}, "10": {"execution_time": 0.21173691749572754, "passed": false}, "11": {"execution_time": 0.18070507049560547, "passed": false}, "12": {"execution_time": 0.20959782600402832, "passed": false}, "13": {"execution_time": 0.8528764247894287, "passed": false}, "14": {"execution_time": 0.18123579025268555, "passed": true}}}, "check_style_score": "0/1"}