{"version": "1", "message": "ERROR: Hidden Testcases server unreachable.", "problem_id": "ads2_m4_a1_1", "user_id": "chinuteja", "score": {"sample": {"0": {"execution_time": 0.22189879417419434, "passed": true}, "1": {"execution_time": 0.1995835304260254, "passed": false}, "2": {"execution_time": 0.35254693031311035, "passed": false}, "3": {"execution_time": 0.2563819885253906, "passed": false}, "4": {"execution_time": 0.21059846878051758, "passed": false}, "5": {"execution_time": 0.2457432746887207, "passed": false}, "6": {"execution_time": 0.16569876670837402, "passed": false}, "7": {"execution_time": 0.21104025840759277, "passed": false}, "8": {"execution_time": 0.258892297744751, "passed": true}, "9": {"execution_time": 0.1956934928894043, "passed": true}, "10": {"execution_time": 0.17769432067871094, "passed": true}, "11": {"execution_time": 0.21406960487365723, "passed": true}, "12": {"execution_time": 0.19684171676635742, "passed": true}, "13": {"execution_time": 0.8402774333953857, "passed": false}, "14": {"execution_time": 0.1947484016418457, "passed": true}}}, "check_style_score": "0/1"}