{"version": "1", "message": "ERROR: Hidden Testcases server unreachable.", "problem_id": "ads2_m16_a1_1", "user_id": "chinuteja", "score": {"sample": {"0": {"execution_time": 0.41979146003723145, "passed": true}, "1": {"execution_time": 0.3372786045074463, "passed": true}, "2": {"execution_time": 1.3919291496276855, "passed": true}, "3": {"execution_time": 1.311753511428833, "passed": true}, "4": {"execution_time": 2.4306087493896484, "passed": true}, "5": {"execution_time": 2.1800537109375, "passed": true}, "6": {"execution_time": 1.349609375, "passed": true}, "7": {"execution_time": 1.3764934539794922, "passed": true}, "8": {"execution_time": 0.5005512237548828, "passed": true}, "9": {"execution_time": 1.367093563079834, "passed": true}, "10": {"execution_time": 1.3223876953125, "passed": true}, "11": {"execution_time": 3.877127170562744, "passed": true}, "12": {"execution_time": 1.3559927940368652, "passed": true}, "13": {"execution_time": 0.3101472854614258, "passed": true}, "14": {"execution_time": 1.3028831481933594, "passed": true}, "15": {"execution_time": 1.3991830348968506, "passed": true}, "16": {"execution_time": 0.40657997131347656, "passed": true}, "17": {"execution_time": 0.4071321487426758, "passed": true}, "18": {"execution_time": 0.4141082763671875, "passed": true}, "19": {"execution_time": 0.4420509338378906, "passed": true}, "20": {"execution_time": 0.46592164039611816, "passed": true}, "21": {"execution_time": 0.421375036239624, "passed": true}, "22": {"execution_time": 0.42105746269226074, "passed": true}, "23": {"execution_time": 0.3999316692352295, "passed": true}, "24": {"execution_time": 0.34399867057800293, "passed": true}, "25": {"execution_time": 1.3863067626953125, "passed": true}, "26": {"execution_time": 3.0793609619140625, "passed": true}, "27": {"execution_time": 1.5087523460388184, "passed": true}, "28": {"execution_time": 2.4516665935516357, "passed": true}, "29": {"execution_time": 0.24827265739440918, "passed": true}}}, "check_style_score": "1/1"}