{"version": "1", "message": "ERROR: Hidden Testcases server unreachable.", "problem_id": "ads2_m16_a1_1", "user_id": "chinuteja", "score": {"sample": {"0": {"execution_time": 1.3274555206298828, "passed": true}, "1": {"execution_time": 0.9855077266693115, "passed": true}, "2": {"execution_time": 2.334181308746338, "passed": true}, "3": {"execution_time": 1.336944341659546, "passed": true}, "4": {"execution_time": 2.361569881439209, "passed": true}, "5": {"execution_time": 2.248779058456421, "passed": true}, "6": {"execution_time": 1.3147327899932861, "passed": true}, "7": {"execution_time": 1.8292744159698486, "passed": true}, "8": {"execution_time": 0.9937505722045898, "passed": true}, "9": {"execution_time": 1.3294622898101807, "passed": true}, "10": {"execution_time": 1.7502713203430176, "passed": true}, "11": {"execution_time": 4.709970474243164, "passed": true}, "12": {"execution_time": 2.3487954139709473, "passed": true}, "13": {"execution_time": 0.5404372215270996, "passed": true}, "14": {"execution_time": 1.609560489654541, "passed": true}, "15": {"execution_time": 1.6246552467346191, "passed": true}, "16": {"execution_time": 0.6101865768432617, "passed": true}, "17": {"execution_time": 0.4989354610443115, "passed": true}, "18": {"execution_time": 0.5774543285369873, "passed": true}, "19": {"execution_time": 0.8409719467163086, "passed": true}, "20": {"execution_time": 0.4889650344848633, "passed": true}, "21": {"execution_time": 0.4265940189361572, "passed": true}, "22": {"execution_time": 0.4576842784881592, "passed": true}, "23": {"execution_time": 0.46646976470947266, "passed": true}, "24": {"execution_time": 0.3659532070159912, "passed": true}, "25": {"execution_time": 1.4860901832580566, "passed": true}, "26": {"execution_time": 1.161365032196045, "passed": true}, "27": {"execution_time": 1.5491032600402832, "passed": true}, "28": {"execution_time": 2.7422921657562256, "passed": true}, "29": {"execution_time": 0.4665236473083496, "passed": true}}}, "check_style_score": "1/1"}