{"version": "1", "message": "ERROR: Hidden Testcases server unreachable.", "problem_id": "ads2_m16_a1_1", "user_id": "chinuteja", "score": {"sample": {"0": {"execution_time": 0.7885298728942871, "passed": true}, "1": {"execution_time": 1.3579919338226318, "passed": true}, "2": {"execution_time": 2.21273136138916, "passed": true}, "3": {"execution_time": 2.2332515716552734, "passed": true}, "4": {"execution_time": 2.4271459579467773, "passed": true}, "5": {"execution_time": 2.2957541942596436, "passed": true}, "6": {"execution_time": 3.8660852909088135, "passed": true}, "7": {"execution_time": 4.853569030761719, "passed": true}, "8": {"execution_time": 1.4612975120544434, "passed": true}, "9": {"execution_time": 2.0827763080596924, "passed": true}, "10": {"execution_time": 2.456165075302124, "passed": true}, "11": {"execution_time": 5.418726921081543, "passed": true}, "12": {"execution_time": 1.7977337837219238, "passed": true}, "13": {"execution_time": 0.6449508666992188, "passed": true}, "14": {"execution_time": 1.9984431266784668, "passed": true}, "15": {"execution_time": 2.30725359916687, "passed": true}, "16": {"execution_time": 0.5412483215332031, "passed": true}, "17": {"execution_time": 0.849421501159668, "passed": true}, "18": {"execution_time": 1.855787754058838, "passed": true}, "19": {"execution_time": 1.9458208084106445, "passed": true}, "20": {"execution_time": 1.0091164112091064, "passed": true}, "21": {"execution_time": 1.710123062133789, "passed": true}, "22": {"execution_time": 1.720390796661377, "passed": true}, "23": {"execution_time": 1.7085559368133545, "passed": true}, "24": {"execution_time": 1.3519320487976074, "passed": true}, "25": {"execution_time": 2.435037612915039, "passed": true}, "26": {"execution_time": 2.4895284175872803, "passed": true}, "27": {"execution_time": 3.2930214405059814, "passed": true}, "28": {"execution_time": 2.8076813220977783, "passed": true}, "29": {"execution_time": 0.9126968383789062, "passed": false}}}, "check_style_score": "1/1"}