{"version": "1", "message": "ERROR: Hidden Testcases server unreachable.", "problem_id": "ads2_m6_a1_1", "user_id": "chinuteja", "score": {"sample": {"0": {"execution_time": 0.22439980506896973, "passed": false}, "1": {"execution_time": 0.21343135833740234, "passed": false}, "2": {"execution_time": 0.20744562149047852, "passed": false}, "3": {"execution_time": 0.2014615535736084, "passed": false}, "4": {"execution_time": 0.21043777465820312, "passed": false}, "5": {"execution_time": 0.201462984085083, "passed": false}, "6": {"execution_time": 0.19547653198242188, "passed": false}, "7": {"execution_time": 0.2014615535736084, "passed": false}, "8": {"execution_time": 0.19647502899169922, "passed": false}, "9": {"execution_time": 0.19747257232666016, "passed": false}, "10": {"execution_time": 0.22739267349243164, "passed": false}, "11": {"execution_time": 0.20844221115112305, "passed": false}}}, "check_style_score": "0/1"}