{"version": "1", "message": "ERROR: Hidden Testcases server unreachable.", "problem_id": "ads2_m6_a1_1", "user_id": "chinuteja", "score": {"sample": {"0": {"execution_time": 0.29468393325805664, "passed": false}, "1": {"execution_time": 0.28581738471984863, "passed": false}, "2": {"execution_time": 0.28049230575561523, "passed": false}, "3": {"execution_time": 0.311337947845459, "passed": false}, "4": {"execution_time": 0.29445385932922363, "passed": false}, "5": {"execution_time": 0.3282322883605957, "passed": false}, "6": {"execution_time": 0.3143579959869385, "passed": false}, "7": {"execution_time": 0.282865047454834, "passed": false}, "8": {"execution_time": 0.29320859909057617, "passed": false}, "9": {"execution_time": 0.2906219959259033, "passed": false}, "10": {"execution_time": 0.29077982902526855, "passed": false}, "11": {"execution_time": 0.29712343215942383, "passed": false}}}, "check_style_score": "0/1"}