{"version": "1", "message": "ERROR: Hidden Testcases server unreachable.", "problem_id": "ads2_m6_a1_1", "user_id": "chinuteja", "score": {"sample": {"0": {"execution_time": 0.28723740577697754, "passed": false}, "1": {"execution_time": 0.28623151779174805, "passed": false}, "2": {"execution_time": 0.28822946548461914, "passed": false}, "3": {"execution_time": 0.2952103614807129, "passed": false}, "4": {"execution_time": 0.3031899929046631, "passed": false}, "5": {"execution_time": 0.2832465171813965, "passed": false}, "6": {"execution_time": 0.24434781074523926, "passed": false}, "7": {"execution_time": 0.24235200881958008, "passed": false}, "8": {"execution_time": 0.2483360767364502, "passed": false}, "9": {"execution_time": 0.24334979057312012, "passed": false}, "10": {"execution_time": 0.24434685707092285, "passed": false}, "11": {"execution_time": 0.2433490753173828, "passed": false}}}, "check_style_score": "0/1"}