{"version": "1", "message": "ERROR: Hidden Testcases server unreachable.", "problem_id": "ads2_m6_a1_1", "user_id": "chinuteja", "score": {"sample": {"0": {"execution_time": 0.21772170066833496, "passed": false}, "1": {"execution_time": 0.23895597457885742, "passed": false}, "2": {"execution_time": 0.3467080593109131, "passed": false}, "3": {"execution_time": 0.33314990997314453, "passed": false}, "4": {"execution_time": 0.3518803119659424, "passed": false}, "5": {"execution_time": 0.3581349849700928, "passed": false}, "6": {"execution_time": 0.34768152236938477, "passed": false}, "7": {"execution_time": 0.33139801025390625, "passed": false}, "8": {"execution_time": 0.3143646717071533, "passed": false}, "9": {"execution_time": 0.3396944999694824, "passed": false}, "10": {"execution_time": 0.3329949378967285, "passed": false}, "11": {"execution_time": 0.3810126781463623, "passed": false}}}, "check_style_score": "0/1"}