{"version": "1", "message": "ERROR: Hidden Testcases server unreachable.", "problem_id": "ads2_m6_a1_1", "user_id": "chinuteja", "score": {"sample": {"0": {"execution_time": 0.26927947998046875, "passed": false}, "1": {"execution_time": 0.26329565048217773, "passed": false}, "2": {"execution_time": 0.23038434982299805, "passed": false}, "3": {"execution_time": 1.1628916263580322, "passed": false}, "4": {"execution_time": 0.24733781814575195, "passed": false}, "5": {"execution_time": 0.2503316402435303, "passed": false}, "6": {"execution_time": 0.23137927055358887, "passed": false}, "7": {"execution_time": 0.2533235549926758, "passed": false}, "8": {"execution_time": 0.23936057090759277, "passed": false}, "9": {"execution_time": 0.24235248565673828, "passed": false}, "10": {"execution_time": 1.2845666408538818, "passed": false}, "11": {"execution_time": 1.5688056945800781, "passed": false}}}, "check_style_score": "0/1"}