{"version": "1", "message": "ERROR: Hidden Testcases server unreachable.", "problem_id": "ads2_m6_a1_1", "user_id": "chinuteja", "score": {"sample": {"0": {"execution_time": 0.23337507247924805, "passed": false}, "1": {"execution_time": 0.2563145160675049, "passed": false}, "2": {"execution_time": 0.24135446548461914, "passed": false}, "3": {"execution_time": 0.2533228397369385, "passed": false}, "4": {"execution_time": 0.24434614181518555, "passed": false}, "5": {"execution_time": 0.24733877182006836, "passed": false}, "6": {"execution_time": 0.24933648109436035, "passed": false}, "7": {"execution_time": 0.2543206214904785, "passed": false}, "8": {"execution_time": 0.23836326599121094, "passed": false}, "9": {"execution_time": 0.2543203830718994, "passed": false}, "10": {"execution_time": 0.24334979057312012, "passed": false}, "11": {"execution_time": 0.2593066692352295, "passed": false}}}, "check_style_score": "0/1"}