{"version": "1", "message": "ERROR: Hidden Testcases server unreachable.", "problem_id": "ads2_m6_a1_1", "user_id": "chinuteja", "score": {"sample": {"0": {"execution_time": 0.27227163314819336, "passed": false}, "1": {"execution_time": 0.2652907371520996, "passed": false}, "2": {"execution_time": 0.2483365535736084, "passed": false}, "3": {"execution_time": 0.2533230781555176, "passed": false}, "4": {"execution_time": 0.24634170532226562, "passed": false}, "5": {"execution_time": 0.25232553482055664, "passed": false}, "6": {"execution_time": 0.23636817932128906, "passed": false}, "7": {"execution_time": 0.26130175590515137, "passed": false}, "8": {"execution_time": 0.23936128616333008, "passed": false}, "9": {"execution_time": 0.25531816482543945, "passed": false}, "10": {"execution_time": 0.24434614181518555, "passed": false}, "11": {"execution_time": 0.24434661865234375, "passed": false}}}, "check_style_score": "0/1"}