{"version": "1", "message": "ERROR: Hidden Testcases server unreachable.", "problem_id": "ads2_m6_a1_1", "user_id": "chinuteja", "score": {"sample": {"0": {"execution_time": 0.3620319366455078, "passed": false}, "1": {"execution_time": 0.2543199062347412, "passed": false}, "2": {"execution_time": 0.2503328323364258, "passed": false}, "3": {"execution_time": 0.26928114891052246, "passed": false}, "4": {"execution_time": 0.3041868209838867, "passed": false}, "5": {"execution_time": 0.278256893157959, "passed": false}, "6": {"execution_time": 0.2792534828186035, "passed": false}, "7": {"execution_time": 0.2722740173339844, "passed": false}, "8": {"execution_time": 0.24434661865234375, "passed": false}, "9": {"execution_time": 0.25232577323913574, "passed": false}, "10": {"execution_time": 0.2732696533203125, "passed": false}, "11": {"execution_time": 0.2892279624938965, "passed": false}}}, "check_style_score": "0/1"}