{"version": "1", "message": "ERROR: Hidden Testcases server unreachable.", "problem_id": "ads2_m6_a1_1", "user_id": "chinuteja", "score": {"sample": {"0": {"execution_time": 0.4287686347961426, "passed": false}, "1": {"execution_time": 0.431804895401001, "passed": false}, "2": {"execution_time": 0.32390856742858887, "passed": false}, "3": {"execution_time": 0.3067023754119873, "passed": false}, "4": {"execution_time": 0.34269237518310547, "passed": false}, "5": {"execution_time": 0.4519028663635254, "passed": false}, "6": {"execution_time": 0.29553794860839844, "passed": false}, "7": {"execution_time": 0.36777329444885254, "passed": false}, "8": {"execution_time": 0.2978837490081787, "passed": false}, "9": {"execution_time": 0.5224564075469971, "passed": false}, "10": {"execution_time": 0.28537917137145996, "passed": false}, "11": {"execution_time": 0.5913863182067871, "passed": false}}}, "check_style_score": "0/1"}