{"version": "1", "message": "ERROR: Hidden Testcases server unreachable.", "problem_id": "ads2_m6_a1_1", "user_id": "chinuteja", "score": {"sample": {"0": {"execution_time": 0.2682828903198242, "passed": false}, "1": {"execution_time": 0.24733829498291016, "passed": false}, "2": {"execution_time": 0.2812483310699463, "passed": false}, "3": {"execution_time": 0.24933362007141113, "passed": false}, "4": {"execution_time": 0.23936128616333008, "passed": false}, "5": {"execution_time": 0.28524041175842285, "passed": false}, "6": {"execution_time": 0.245344877243042, "passed": false}, "7": {"execution_time": 0.2483365535736084, "passed": false}, "8": {"execution_time": 0.24135518074035645, "passed": false}, "9": {"execution_time": 0.25531744956970215, "passed": false}, "10": {"execution_time": 0.29122209548950195, "passed": false}, "11": {"execution_time": 0.2513284683227539, "passed": false}}}, "check_style_score": "0/1"}