{"version": "1", "message": "ERROR: Hidden Testcases server unreachable.", "problem_id": "ads2_m6_a1_1", "user_id": "chinuteja", "score": {"sample": {"0": {"execution_time": 0.2263946533203125, "passed": false}, "1": {"execution_time": 0.20644831657409668, "passed": false}, "2": {"execution_time": 0.2234032154083252, "passed": false}, "3": {"execution_time": 0.2064497470855713, "passed": false}, "4": {"execution_time": 0.19747352600097656, "passed": false}, "5": {"execution_time": 0.26628732681274414, "passed": false}, "6": {"execution_time": 0.22340154647827148, "passed": false}, "7": {"execution_time": 0.204453706741333, "passed": false}, "8": {"execution_time": 0.19747233390808105, "passed": false}, "9": {"execution_time": 0.19946694374084473, "passed": false}, "10": {"execution_time": 0.20245838165283203, "passed": false}, "11": {"execution_time": 0.20545101165771484, "passed": false}}}, "check_style_score": "0/1"}