{"version": "1", "message": "ERROR: Hidden Testcases server unreachable.", "problem_id": "ads2_m6_a1_1", "user_id": "chinuteja", "score": {"sample": {"0": {"execution_time": 0.26928067207336426, "passed": false}, "1": {"execution_time": 0.24933409690856934, "passed": false}, "2": {"execution_time": 0.2453441619873047, "passed": false}, "3": {"execution_time": 0.2623007297515869, "passed": false}, "4": {"execution_time": 0.2732706069946289, "passed": false}, "5": {"execution_time": 0.2533254623413086, "passed": false}, "6": {"execution_time": 0.2403576374053955, "passed": false}, "7": {"execution_time": 0.24933362007141113, "passed": false}, "8": {"execution_time": 0.24334931373596191, "passed": false}, "9": {"execution_time": 0.24733877182006836, "passed": false}, "10": {"execution_time": 0.23836255073547363, "passed": false}, "11": {"execution_time": 0.25033092498779297, "passed": false}}}, "check_style_score": "0/1"}