{"version": "1", "message": "ERROR: Hidden Testcases server unreachable.", "problem_id": "ads2_m6_a1_1", "user_id": "chinuteja", "score": {"sample": {"0": {"execution_time": 0.29720616340637207, "passed": false}, "1": {"execution_time": 0.2124326229095459, "passed": false}, "2": {"execution_time": 0.21143436431884766, "passed": false}, "3": {"execution_time": 0.2862355709075928, "passed": false}, "4": {"execution_time": 0.21143484115600586, "passed": false}, "5": {"execution_time": 0.30219244956970215, "passed": false}, "6": {"execution_time": 0.2124323844909668, "passed": false}, "7": {"execution_time": 0.21043825149536133, "passed": false}, "8": {"execution_time": 0.19946718215942383, "passed": false}, "9": {"execution_time": 0.21841669082641602, "passed": false}, "10": {"execution_time": 0.21941471099853516, "passed": false}, "11": {"execution_time": 0.22040939331054688, "passed": false}}}, "check_style_score": "0/1"}