{"version": "1", "message": "ERROR: Hidden Testcases server unreachable.", "problem_id": "ads2_m6_a1_1", "user_id": "chinuteja", "score": {"sample": {"0": {"execution_time": 0.22739243507385254, "passed": false}, "1": {"execution_time": 0.2343747615814209, "passed": false}, "2": {"execution_time": 0.20245909690856934, "passed": false}, "3": {"execution_time": 0.21442651748657227, "passed": false}, "4": {"execution_time": 0.2044539451599121, "passed": false}, "5": {"execution_time": 0.19647550582885742, "passed": false}, "6": {"execution_time": 0.2044532299041748, "passed": false}, "7": {"execution_time": 0.20644879341125488, "passed": false}, "8": {"execution_time": 0.2154240608215332, "passed": false}, "9": {"execution_time": 0.20545125007629395, "passed": false}, "10": {"execution_time": 0.19946670532226562, "passed": false}, "11": {"execution_time": 0.20345616340637207, "passed": false}}}, "check_style_score": "0/1"}