{"version": "1", "message": "ERROR: Hidden Testcases server unreachable.", "problem_id": "ads2_m6_a1_1", "user_id": "chinuteja", "score": {"sample": {"0": {"execution_time": 0.972592830657959, "passed": false}, "1": {"execution_time": 0.23169612884521484, "passed": false}, "2": {"execution_time": 0.2952890396118164, "passed": false}, "3": {"execution_time": 0.2385249137878418, "passed": false}, "4": {"execution_time": 0.22984075546264648, "passed": false}, "5": {"execution_time": 0.2595939636230469, "passed": false}, "6": {"execution_time": 0.33486008644104004, "passed": false}, "7": {"execution_time": 0.3374040126800537, "passed": false}, "8": {"execution_time": 0.44660401344299316, "passed": false}, "9": {"execution_time": 0.27487778663635254, "passed": false}, "10": {"execution_time": 0.23695945739746094, "passed": false}, "11": {"execution_time": 0.2319803237915039, "passed": false}}}, "check_style_score": "0/1"}