{"version": "1", "message": "ERROR: Hidden Testcases server unreachable.", "problem_id": "ads2_m6_a1_1", "user_id": "chinuteja", "score": {"sample": {"0": {"execution_time": 0.26024794578552246, "passed": false}, "1": {"execution_time": 0.24244213104248047, "passed": false}, "2": {"execution_time": 0.2579045295715332, "passed": false}, "3": {"execution_time": 0.2566804885864258, "passed": false}, "4": {"execution_time": 0.2578165531158447, "passed": false}, "5": {"execution_time": 0.2734100818634033, "passed": false}, "6": {"execution_time": 0.26518917083740234, "passed": false}, "7": {"execution_time": 0.27158117294311523, "passed": false}, "8": {"execution_time": 0.2548983097076416, "passed": false}, "9": {"execution_time": 0.274214506149292, "passed": false}, "10": {"execution_time": 0.2552156448364258, "passed": false}, "11": {"execution_time": 0.2904188632965088, "passed": false}}}, "check_style_score": "0/1"}