{"version": "1", "message": "ERROR: Hidden Testcases server unreachable.", "problem_id": "ads2_m6_a1_1", "user_id": "chinuteja", "score": {"sample": {"0": {"execution_time": 0.28302574157714844, "passed": false}, "1": {"execution_time": 0.31973910331726074, "passed": false}, "2": {"execution_time": 0.38190364837646484, "passed": false}, "3": {"execution_time": 0.42426633834838867, "passed": false}, "4": {"execution_time": 0.4137582778930664, "passed": false}, "5": {"execution_time": 0.4353306293487549, "passed": false}, "6": {"execution_time": 0.42120981216430664, "passed": false}, "7": {"execution_time": 0.4299783706665039, "passed": false}, "8": {"execution_time": 0.449556827545166, "passed": false}, "9": {"execution_time": 0.3982996940612793, "passed": false}, "10": {"execution_time": 0.3615901470184326, "passed": false}, "11": {"execution_time": 0.46004366874694824, "passed": false}}}, "check_style_score": "0/1"}