{"version": "1", "message": "ERROR: Hidden Testcases server unreachable.", "problem_id": "ads2_m6_a1_1", "user_id": "chinuteja", "score": {"sample": {"0": {"execution_time": 0.22778010368347168, "passed": false}, "1": {"execution_time": 0.35365939140319824, "passed": false}, "2": {"execution_time": 0.27347803115844727, "passed": false}, "3": {"execution_time": 0.5016138553619385, "passed": false}, "4": {"execution_time": 0.24768757820129395, "passed": false}, "5": {"execution_time": 0.2508862018585205, "passed": false}, "6": {"execution_time": 0.2806549072265625, "passed": false}, "7": {"execution_time": 0.30486106872558594, "passed": false}, "8": {"execution_time": 0.29897594451904297, "passed": false}, "9": {"execution_time": 0.24964165687561035, "passed": false}, "10": {"execution_time": 0.23838210105895996, "passed": false}, "11": {"execution_time": 0.255631685256958, "passed": false}}}, "check_style_score": "0/1"}