{"version": "1", "message": "ERROR: Hidden Testcases server unreachable.", "problem_id": "ads2_m6_a1_1", "user_id": "chinuteja", "score": {"sample": {"0": {"execution_time": 0.3341071605682373, "passed": false}, "1": {"execution_time": 0.24534344673156738, "passed": false}, "2": {"execution_time": 0.24933362007141113, "passed": false}, "3": {"execution_time": 0.25033044815063477, "passed": false}, "4": {"execution_time": 0.24434661865234375, "passed": false}, "5": {"execution_time": 0.24634242057800293, "passed": false}, "6": {"execution_time": 0.24434661865234375, "passed": false}, "7": {"execution_time": 0.25830960273742676, "passed": false}, "8": {"execution_time": 0.23935985565185547, "passed": false}, "9": {"execution_time": 0.26130127906799316, "passed": false}, "10": {"execution_time": 0.23936057090759277, "passed": false}, "11": {"execution_time": 0.2533223628997803, "passed": false}}}, "check_style_score": "0/1"}