{"version": "1", "message": "ERROR: Hidden Testcases server unreachable.", "problem_id": "ads2_m6_a1_1", "user_id": "chinuteja", "score": {"sample": {"0": {"execution_time": 0.28320741653442383, "passed": false}, "1": {"execution_time": 0.25278210639953613, "passed": false}, "2": {"execution_time": 0.25910043716430664, "passed": false}, "3": {"execution_time": 0.29314589500427246, "passed": false}, "4": {"execution_time": 0.25814080238342285, "passed": false}, "5": {"execution_time": 0.25792717933654785, "passed": false}, "6": {"execution_time": 0.2570631504058838, "passed": false}, "7": {"execution_time": 0.2576160430908203, "passed": false}, "8": {"execution_time": 0.26434755325317383, "passed": false}, "9": {"execution_time": 0.398212194442749, "passed": false}, "10": {"execution_time": 0.23970937728881836, "passed": false}, "11": {"execution_time": 0.25687146186828613, "passed": false}}}, "check_style_score": "0/1"}