{"version": "1", "message": "ERROR: Hidden Testcases server unreachable.", "problem_id": "ads2_m6_a1_1", "user_id": "chinuteja", "score": {"sample": {"0": {"execution_time": 0.22739362716674805, "passed": false}, "1": {"execution_time": 0.20644855499267578, "passed": false}, "2": {"execution_time": 0.20345687866210938, "passed": false}, "3": {"execution_time": 0.2124326229095459, "passed": false}, "4": {"execution_time": 0.2074449062347412, "passed": false}, "5": {"execution_time": 0.21941375732421875, "passed": false}, "6": {"execution_time": 0.21143484115600586, "passed": false}, "7": {"execution_time": 0.23638153076171875, "passed": false}, "8": {"execution_time": 0.20046424865722656, "passed": false}, "9": {"execution_time": 0.20544910430908203, "passed": false}, "10": {"execution_time": 0.2014622688293457, "passed": false}, "11": {"execution_time": 0.2593052387237549, "passed": false}}}, "check_style_score": "0/1"}