{"version": "1", "message": "ERROR: Hidden Testcases server unreachable.", "problem_id": "ads2_m2_a1_1", "user_id": "chinuteja", "score": {"sample": {"0": {"execution_time": 0.17382335662841797, "passed": true}, "1": {"execution_time": 0.15714573860168457, "passed": true}, "2": {"execution_time": 0.17892718315124512, "passed": true}, "3": {"execution_time": 0.18251872062683105, "passed": true}, "4": {"execution_time": 0.1792147159576416, "passed": true}, "5": {"execution_time": 0.18735027313232422, "passed": true}, "6": {"execution_time": 0.17798137664794922, "passed": true}, "7": {"execution_time": 0.18344974517822266, "passed": true}, "8": {"execution_time": 0.19287538528442383, "passed": true}, "9": {"execution_time": 0.1809217929840088, "passed": true}, "10": {"execution_time": 0.18947577476501465, "passed": true}, "11": {"execution_time": 0.18017244338989258, "passed": true}, "12": {"execution_time": 0.2574937343597412, "passed": true}, "13": {"execution_time": 0.1804060935974121, "passed": true}, "14": {"execution_time": 0.18557381629943848, "passed": true}, "15": {"execution_time": 0.21030378341674805, "passed": true}, "16": {"execution_time": 0.23081684112548828, "passed": true}, "17": {"execution_time": 0.2627856731414795, "passed": true}, "18": {"execution_time": 0.21353435516357422, "passed": true}, "19": {"execution_time": 0.2573368549346924, "passed": true}, "20": {"execution_time": 0.33368515968322754, "passed": true}, "21": {"execution_time": 0.1854844093322754, "passed": true}, "22": {"execution_time": 0.44505977630615234, "passed": true}, "23": {"execution_time": 0.33455944061279297, "passed": true}}}, "check_style_score": "0/1"}